{"layer_1": {"a": [[-0.49640658497810364, 0.4253370761871338], [-0.27929627895355225, 0.9258110523223877], [-0.8698186278343201, 0.6742211580276489], [0.6960992217063904, 0.12687458097934723], [-0.3994043171405792, -1.16408371925354]], "b": [[0.14892897009849548], [-0.07154309004545212], [0.176446333527565], [0.08971497416496277], [-0.16096298396587372]]}, "layer_2": {"a": [[0.12853308022022247, -0.5459868311882019, 0.521704912185669, -0.5614646673202515, -0.0471632294356823], [-0.2435329258441925, 0.656083881855011, 0.36550599336624146, 0.5221785306930542, -0.30901607871055603], [0.9567451477050781, -0.6453057527542114, 0.8582505583763123, -0.48791244626045227, -0.1927589625120163]], "b": [[-0.1522940695285797], [0.13156498968601227], [0.2795660197734833]]}, "layer_3": {"a": [[-0.3404245674610138, -0.6130192279815674, -1.0835671424865723], [0.6736665368080139, -0.8124219179153442, 0.7141175866127014], [-0.5917528867721558, 0.2901421785354614, 0.1268109232187271], [0.13851134479045868, 0.16726863384246826, -1.0489262342453003]], "b": [[0.9755178093910217], [-0.6517901420593262], [-0.625115156173706], [-0.2621055543422699]]}}